,Dyad,TotalDurationFace1_0s,MeanDurationFace1_0s,FrequencyFace1_0s,TotalDurationMonitor1_0s,MeanDurationMonitor1_0s,FrequencyMonitor1_0s,TotalDurationKeyboard1_0s,MeanDurationKeyboard1_0s,FrequencyKeyboard1_0s,TotalDurationAround1_0s,MeanDurationAround1_0s,FrequencyAround1_0s,TotalDurationFace1_200s,MeanDurationFace1_200s,FrequencyFace1_200s,TotalDurationMonitor1_200s,MeanDurationMonitor1_200s,FrequencyMonitor1_200s,TotalDurationKeyboard1_200s,MeanDurationKeyboard1_200s,FrequencyKeyboard1_200s,TotalDurationAround1_200s,MeanDurationAround1_200s,FrequencyAround1_200s,TotalDurationFace2_0s,MeanDurationFace2_0s,FrequencyFace2_0s,TotalDurationMonitor2_0s,MeanDurationMonitor2_0s,FrequencyMonitor2_0s,TotalDurationKeyboard2_0s,MeanDurationKeyboard2_0s,FrequencyKeyboard2_0s,TotalDurationAround2_0s,MeanDurationAround2_0s,FrequencyAround2_0s,TotalDurationFace2_200s,MeanDurationFace2_200s,FrequencyFace2_200s,TotalDurationMonitor2_200s,MeanDurationMonitor2_200s,FrequencyMonitor2_200s,TotalDurationKeyboard2_200s,MeanDurationKeyboard2_200s,FrequencyKeyboard2_200s,TotalDurationAround2_200s,MeanDurationAround2_200s,FrequencyAround2_200s,DifTotalDurationAround_1S_1E,DifTotalDurationAround_2S_2E,DifTotalDurationAround_1S_2S,DifTotalDurationAround_1E_2E,DifTotalDurationAround_1E_2S,DifTotalDurationFace_1S_1E,DifTotalDurationFace_2S_2E,DifTotalDurationFace_1S_2S,DifTotalDurationFace_1E_2E,DifTotalDurationFace_1E_2S,DifMeanDurationAround_1S_1E,DifMeanDurationAround_2S_2E,DifMeanDurationAround_1S_2S,DifMeanDurationAround_1E_2E,DifMeanDurationAround_1E_2S,DifMeanDurationFace_1S_1E,DifMeanDurationFace_2S_2E,DifMeanDurationFace_1S_2S,DifMeanDurationFace_1E_2E,DifMeanDurationFace_1E_2S
0,1,3.6454498961866,0.7562642373501388,33,1.120591195386885,0.3459509805757567,5,2.8526314299133175,0.620387826277517,19,1.8614928072427301,0.4014165195821642,11,3.5243978154483124,0.7973959673650811,27,1.3694872428035094,0.3499859557879357,7,2.501435951739211,0.557709209664841,15,2.211930724725915,0.5174701664846592,12,4.01397772795114,1.2778426528923914,21,1.7692866133759964,0.5939405304764972,6,1.5546296759391054,0.557709209664841,5,3.6036846080507043,1.3214139011860317,13,2.8013381355257674,0.8779908067866099,11,0.8892620594862358,0.39053945789148875,3,1.6613976513648114,1.1420974006078486,2,4.341638573768593,2.1498223384416355,10,0.35043791748318487,0.7379539657178888,1.7421918008079742,2.129707849042678,1.3917538833247893,0.12105208073828777,1.2126395924253726,0.36852783176453974,0.723059679922545,0.4895799125028275,0.11605364690249498,0.8284084372556038,0.9199973816038676,1.6323521719569762,0.8039437347013726,0.0411317300149423,0.3998518461057815,0.5215784155422526,0.08059483942152879,0.4804466855273103
1,3,0.9932517730102834,0.24946085963158307,6,2.6198259676873707,1.036399104166537,7,1.6486586255873816,0.5306282510621705,6,1.955388893009857,0.6986873609355606,6,0.9682504708048661,0.9682504708048661,1,2.3764549415605014,0.7978825008238531,8,1.2237754316221157,0.587786664902119,3,2.803360380906535,1.1676051601550612,7,2.4849066497880004,0.6505875661411493,12,3.748719454469953,1.0901106434127892,21,1.3945931639345857,0.6986873609355606,3,3.439349147626532,0.9196185219668297,20,2.0918640616783932,0.6352532021410426,8,3.835141961092188,1.50065273589491,13,0.8329091229351039,0.5007752879124892,2,3.618099272052889,1.2782848372904874,14,0.8479714878966778,0.17875012442635718,1.4839602546166748,0.8147388911463542,0.635988766719997,0.025001302205417297,0.3930425881096071,1.491654876777717,1.1236135908735272,1.5166561789831343,0.4689177992195006,0.35866631532365767,0.22093116103126909,0.11067967713542615,0.24798663818823152,0.7187896111732831,0.015334364000106682,0.4011267065095663,0.3329972686638235,0.3176629046637168
2,5,3.2068032436339315,0.7310558445418431,22,2.533696813957432,0.7200546334798698,11,1.9969653198555974,0.49266165313831956,10,1.7107904066943878,0.6453565167235968,5,3.5779478934066544,1.0408344880012983,19,2.163323025660538,0.8256363636060242,6,1.9600947840472698,0.6267020811517926,7,2.0835995518284998,1.0146266325950168,4,3.322635059159053,0.9448972437856628,17,3.9982007016691985,1.3793256918037973,18,1.9506607518139112,0.6216000292678971,7,2.3608540011180215,0.7884573603642703,8,3.247787168362621,0.9344580358296041,16,3.1668805297498204,1.2601430757929906,9,1.2992829841302609,0.5108256237659906,4,3.6082115510464816,1.450122402653863,11,0.372809145134112,1.2473575499284602,0.6500635944236337,1.5246119992179819,0.2772544492895217,0.3711446497727229,0.07484789079643228,0.11583181552512167,0.3301607250440335,0.2553128342476012,0.36927011587142,0.6616650422895928,0.14310084364067344,0.4354957700588462,0.22616927223074657,0.30977864345945516,0.010439207956058683,0.21384139924381962,0.10637645217169422,0.09593724421563554
3,6,3.607307800420125,1.3241461433229047,13,2.0541237336955462,0.6151856390902335,8,1.0874389880699844,0.5041366356151941,3,1.2237754316221157,0.587786664902119,3,2.994064216453294,0.7196448477920471,18,2.5776883832389665,0.7448191911042662,11,1.7227665977411035,1.1939224684724346,2,1.7227665977411035,0.7654678421395714,4,3.589979505459054,1.0158343622104165,20,3.018797546484987,0.9640221346953448,12,2.641435452020226,0.8343573491114687,10,3.142714463902637,1.1036500826980669,11,3.790231948374224,1.0874389880699844,22,2.9195709125884273,0.7742150036487271,15,2.2009214392175456,0.95807226588911,5,2.641435452020226,1.0514874038177389,7,0.49899116611898786,0.5012790118824109,1.9189390322805213,0.9186688542791226,1.4199478661615335,0.6132435839668311,0.20025244291516975,0.01732829496107069,0.7961677319209302,0.5959152890057604,0.17768117723745247,0.052162678880327995,0.5158634177959479,0.28601956167816744,0.33818224055849544,0.6045012955308576,0.07160462585956795,0.30831178111248825,0.36779414027793733,0.2961895144183694
4,7,3.6644159819355617,1.0991969130635977,19,0.5877866649021191,0.5877866649021191,1,3.0985896589936988,1.0166387057084372,12,1.4816045409242156,0.5187937934151675,5,3.2108436531709366,1.0930412436186543,12,0.0,0.0,0,2.1162555148025524,0.9001613499442714,5,3.655839600035736,1.6465195873386322,9,3.4318343511240452,1.25117440581023,12,0.8614824953791601,0.5207759546191588,2,2.9923933722884763,1.7462970951512977,4,3.580737295494233,1.5846897427449065,9,3.519474122586528,1.3165571650730818,12,0.0,0.0,0,3.7168188228031775,2.0397762852874046,6,2.995732273553991,1.3121863889661687,7,2.1742350591115205,0.5850050219402423,2.0991327545700176,0.6601073264817452,0.0751023045415029,0.45357232876462517,0.08763977146248259,0.2325816308115165,0.30863046941559125,0.22099069795310866,1.1277257939234646,0.2725033537787378,1.065895949329739,0.33433319837246356,0.06182984459372576,0.00615566944494339,0.06538275926285175,0.15197749274663241,0.22351592145442756,0.1581331621915758
5,8,2.7256718024520294,0.702625924514489,14,2.9444389791664403,0.9694005571881036,11,0.0,0.0,0,2.0014800002101243,0.5877866649021191,8,2.2192034840549946,0.5570150062353653,11,3.0106208860477417,0.9587114477581072,12,0.0,0.0,0,3.109060958860994,0.9731072069178159,13,3.728901128463422,1.1437757226801233,19,3.596398601319771,1.0531499145913523,19,2.174751721484161,1.0818051703517284,4,1.2431935174792172,1.2431935174792172,1,3.3684445951903474,1.053924808082277,15,3.513533511056407,1.1103487022932683,16,0.0,0.0,0,2.681021528714291,0.9207253289420207,9,1.1075809586508698,1.4378280112350736,0.758286482730907,0.4280394301467032,1.8658674413817768,0.5064683183970349,0.3604565332730747,1.0032293260113927,1.1492411111353529,1.5096976444084276,0.3853205420156969,0.3224681885371965,0.6554068525770982,0.05238187797579519,0.2700863105614013,0.14561091827912376,0.08985091459784633,0.44114979816563427,0.4969098018469117,0.586760716444758
6,12,3.572345637857985,1.0043016091968684,20,0.6061358035703156,0.6061358035703156,1,2.4538745405402715,0.724322798028395,10,1.2237754316221157,0.47000362924573563,4,3.563882963939251,1.2383742310432684,14,0.0,0.0,0,2.328902401311419,0.7693363189174917,8,0.9808292530117263,0.44183275227903923,3,4.362249007065207,2.36829480302208,8,0.6418538861723947,0.371563556432483,2,0.9295359586241757,0.5690945318899664,2,1.041453874828161,0.47692407209030935,3,4.3463994570307305,1.925931682124427,13,0.0,0.0,0,2.3948603691032164,0.8090766475670059,8,1.3437347467010947,0.5355182363563623,4,0.24294617861038936,0.30228087187293373,0.18232155679395468,0.3629054936893684,0.06062462181643469,0.008462673918733898,0.015849550034476856,0.7899033692072224,0.7825164930914794,0.7983660431259563,0.0281708769666964,0.05859416426605296,0.006920442844573715,0.09368548407732308,0.035091319811270116,0.2340726218464,0.44236312089765306,1.3639931938252117,0.6875574510811586,1.1299205719788117
7,14,2.8233610476132047,0.6061358035703156,19,1.692552819144607,0.7458977459454743,4,2.8213788864092133,0.6051784076139881,19,1.7047480922384253,0.6418538861723947,5,2.817402738029574,0.6551805826360944,17,1.6486586255873816,0.7178397931503168,4,3.241289419705101,0.9303579890855904,16,1.8191584434161694,0.4982468415591307,8,3.68219046596314,0.8290369012525945,30,2.278975227354912,0.8119878577744643,7,3.12968024606373,0.8614824953791601,16,2.6100697927420065,0.7178397931503168,12,3.6082115510464816,0.9403468747283914,23,2.9426830524641754,0.7874467488583466,15,1.7404661748405046,0.5784842722398055,6,2.468099531471619,1.0296194171811581,6,0.11441035117774412,0.14197026127038725,0.9053217005035812,0.6489410880554498,0.7909113493258371,0.005958309583630861,0.07397891491665831,0.8588294183499352,0.7908088130169078,0.8647877279335661,0.143607044613264,0.31177962403084136,0.07598590697792207,0.5313725756220274,0.21959295159118608,0.049044779065778754,0.11130997347579685,0.22290109768227895,0.28516629209229705,0.1738563186165002
8,15,2.772588722239781,0.8602012652231114,11,2.8114087140893633,0.8341161236851394,12,1.882006347075833,0.7482664797810249,5,2.8602943026588865,1.4570634320080977,5,2.1594842493533726,0.672093771362113,8,1.402823663071101,0.7041970167465302,3,2.6855773452501515,1.0826119473216687,7,2.995732273553991,1.3121863889661687,7,2.7343675094195836,0.6729444732424258,15,3.856510295497887,1.8155483311920697,9,2.4849066497880004,1.1631508098056809,5,2.8073926444344734,1.822755569597019,3,3.245193133185574,1.4069136483226266,8,2.120263536200091,1.2367626271489267,3,1.7805861686299298,0.9724610033412098,3,4.134099320781933,2.160925517918981,8,0.13543797089510434,1.32670667634746,0.05290165822441306,1.1383670472279426,0.1883396291195174,0.6131044728864086,0.5108256237659905,0.038221212820197525,1.0857088838322015,0.574883260066211,0.14487704304192905,0.3381699483219618,0.3656921375889213,0.8487391289528121,0.5105691806308503,0.18810749386099834,0.7339691750802008,0.18725679198068557,0.7348198769605135,0.0008507018803127764
9,16,2.970414465569701,0.7683706017975328,16,2.6222502112988773,1.0380868682802569,7,2.5649493574615367,0.6931471805599453,12,3.258096538021482,1.0726368022648491,13,1.80280930541464,0.6121781180262782,6,2.1242555574696285,0.8010045764163588,6,2.479335604738545,0.9407510294443157,7,3.347562165829524,1.1897048325282311,12,2.910537427490759,1.074876008769279,9,1.496642418288756,1.0055218656020977,2,2.028148247292285,0.7419373447293771,6,3.2108436531709366,1.3800247481062953,8,3.5890591188317256,1.0482419292791603,19,2.3059128830867204,0.755730666861713,8,2.2442495159810822,0.6611595050665482,9,3.5600986642480112,1.1427620732810395,16,0.08946562780804168,0.3492550110770747,0.04725288485054557,0.21253649841848743,0.13671851265858725,1.167605160155061,0.6785216913409666,0.05987703807894196,1.7862498134170857,1.107728122076119,0.11706803026338197,0.23726267482525576,0.30738794584144613,0.0469427592471916,0.19031991557806416,0.1561924837712546,0.026634079490118756,0.3065054069717462,0.43606381125288207,0.46269789074300083
10,17,3.5825925835959795,0.7384590803530525,32,2.0835995518284998,0.3462284115665775,17,2.341805806147327,0.6176396280518002,11,0.31237468504215243,0.31237468504215243,1,3.3032169733019514,0.612566693900606,31,3.152736022363656,0.7788419016648283,19,2.3353749158170367,0.659245628884264,10,1.0761394328160512,0.39429180751003917,4,3.1412745788446492,0.7197736556752674,21,3.654115461677596,0.8319091228517707,29,3.017167554274056,0.7950642744400114,16,2.132192107065365,0.4522181968125193,13,3.46989391294839,0.7118598894920992,30,3.591817741270805,1.0500852477734492,19,2.4218485138208634,0.5820723636386804,13,1.4739999415389964,0.5148176450355282,5,0.7637647477738987,0.6581921655263685,1.8198174220232124,0.3978605087229452,1.0560526742493137,0.27937561029402813,0.3286193341037409,0.4413180047513303,0.1666769396464387,0.16194239445730219,0.08191712246788674,0.06259944822300889,0.13984351177036686,0.12052583752548901,0.05792638930248012,0.1258923864524465,0.007913766183168192,0.018685424677785112,0.09929319559149319,0.10720696177466138
11,18,3.3821278189418047,1.159136352387019,13,0.0,0.0,0,1.3945931639345857,0.4091619699894905,6,0.3364722366212129,0.3364722366212129,1,2.509599262378372,0.4872157581268569,18,0.5108256237659906,0.20067069546215124,3,2.0193376176101303,0.659245628884264,7,2.7557816039234,0.8010045764163588,12,3.4542114169477727,0.8996450210312903,21,1.120591195386885,0.41651494429474933,4,2.2407096892759584,0.7178397931503168,8,3.5075573976530654,0.9945504744915198,19,3.2568136642085928,1.1251099559002113,12,1.120591195386885,1.120591195386885,1,1.1096621248546947,0.7014459833746404,2,4.032469158504013,1.725738368130261,12,2.419309367302187,0.5249117608509479,3.1710851610318525,1.2766875545806133,0.7517757937296654,0.8725285565634326,0.19739775273917992,0.07208359800596797,0.7472144018302207,0.9446121545694006,0.4645323397951459,0.7311878936387411,0.658078237870307,0.9247337917139021,0.19354589807516098,0.6719205942601622,0.22546493486892105,0.25949133135572877,0.6378941977733544,0.4124292629044334
12,19,3.681351187693145,1.5081096603042126,11,1.4190841839428814,0.7151260872787205,3,1.252762968495368,0.6061358035703156,3,0.0,0.0,0,3.0317427110770243,1.0896836579238085,10,0.0,0.0,0,2.341805806147327,1.0577902941478545,5,0.4489502200479032,0.4489502200479032,1,4.049463414549384,2.0851543590865234,8,2.409943611314545,0.9891280558264214,6,2.325650365925042,1.0461487191323688,5,0.0,0.0,0,4.34596758485818,2.7870667414204346,5,1.3173014896329391,1.3173014896329391,1,1.0761394328160512,0.6763400622435641,2,1.2716314527997508,0.8256363636060242,2,0.4489502200479032,1.2716314527997508,0.0,0.8226812327518476,0.4489502200479032,0.6496084766161205,0.29650417030879517,0.36811222685623957,1.3142248737811553,1.01772070347236,0.4489502200479032,0.8256363636060242,0.0,0.376686143558121,0.4489502200479032,0.41842600238040406,0.7019123823339113,0.5770446987823108,1.6973830834966261,0.9954707011627149
13,21,2.1556306800373823,0.6699638451042881,8,3.487375077903208,1.4279160358107101,10,2.8545526600912114,0.9695154931114528,10,0.7884573603642703,0.3364722366212129,3,2.631888840136646,0.7299611536826617,12,2.631888840136646,1.0448095826751334,7,3.0236716422432326,1.2371657716817,8,0.6418538861723947,0.371563556432483,2,2.6125177743806463,0.6431062344888606,14,3.5409593240373143,1.274502955131774,13,3.7834317710551595,1.403408971838177,14,1.120591195386885,1.120591195386885,1,2.5494451709255714,0.8377284093710529,9,3.5035533882996828,1.3687165298559179,11,3.3250360206965914,1.3807233160704353,9,2.4009209937149074,1.1008320454064227,5,0.14660347419187558,1.2803297983280224,0.33213383502261473,1.7590671075425126,0.4787373092144903,0.4762581600992637,0.06307260345507482,0.4568870943432639,0.0824436692110746,0.019371065755999783,0.035091319811270116,0.019759149980462354,0.7841189587656721,0.7292684889739396,0.7490276389544019,0.0599973085783736,0.19462217488219224,0.026857610615427463,0.10776725568839118,0.08685491919380106
14,23,2.1041341542702074,0.5035263212843791,11,1.7520942128356236,0.7846622893957185,4,3.565769756951828,1.4899033437389106,10,2.151762203259462,1.0647107369924282,4,1.791759469228055,0.8109302162163288,4,3.055572273910008,2.408445483693523,2,2.917770732084279,1.6817585740137264,4,3.179441755622794,1.910776311333367,4,2.2155737160044158,0.9682504708048661,5,3.0204248861443626,2.0149030205422647,3,1.9411368703026557,0.6164718129009776,7,4.034830434689693,2.327819564172587,6,1.2716314527997508,0.8256363636060242,2,0.0,0.0,0,3.309325727790273,1.836307845489124,5,4.155753190350744,2.6071242825122494,5,1.027679552363332,0.12092275566105126,1.8830682314302307,0.97631143472795,0.8553886790668987,0.3123746850421525,0.943942263204665,0.11143956173420833,0.5201280164283042,0.4238142467763608,0.8460655743409387,0.2793047183396622,1.263108827180159,0.6963479711788825,0.4170432528392203,0.30740389493194964,0.14261410719884193,0.464724149520487,0.014706147389695445,0.15732025458853738
15,24,3.295836866004329,0.6744550475477927,27,1.3523928094442093,0.5403844260075351,4,2.345005808877998,0.4213870611187498,18,0.7576857016975165,0.4489502200479032,2,3.0985896589936988,0.7774542870199393,18,1.0296194171811581,0.6418538861723947,2,3.449987545831587,1.0668635903535293,16,2.3608540011180215,0.6729444732424258,10,3.754198920234579,0.8169725306722914,33,1.5404450409471488,0.7985076962177716,3,3.8508565701906585,0.9950790919289819,27,1.5187835441659694,0.5384407907989641,5,3.9226331845401616,0.8988852291776969,34,2.2082744135228043,0.9631743177730056,5,3.20545280453606,0.7303261838016996,22,1.698669046162043,0.49353412665592966,7,1.603168299420505,0.17988550199607367,0.7610978424684529,0.6621849549559784,0.8420704569520521,0.19724720701063037,0.16843426430558273,0.4583620542302498,0.8240435255464629,0.6556092612408801,0.2239942531945226,0.04490666414303446,0.08949057075106093,0.17941034658649613,0.13450368244346167,0.10299923947214662,0.0819126985054055,0.14251748312449863,0.12143094215775752,0.039518243652352014
16,25,3.5600986642480112,1.1018749343029262,17,0.9295359586241757,0.4128452154057869,3,2.6076158037804396,0.7619380114360469,11,0.8183103235139513,0.4906229164484712,2,3.2268439945173775,0.9606265456942068,15,2.8545526600912114,1.3158122860814714,6,2.7300291078209855,0.9526583760450299,9,0.23638877806423034,0.23638877806423034,1,4.07527499950175,1.6958508197782012,13,2.856470206220483,1.3173014896329391,6,1.7462970951512977,0.5165236448806284,7,2.0104486701928845,0.8300063632771426,5,3.6971782569286313,1.3375041969504586,14,3.466777027308137,1.692552819144607,7,2.4069451083182885,0.9870598027623624,6,2.1709566505156093,1.0789763141512507,4,0.581921545449721,0.16050798032272473,1.1921383466789333,1.9345678724513788,1.7740598921286541,0.3332546697306338,0.37809674257311876,0.5151763352537388,0.47033426241125387,0.8484310049843726,0.2542341383842409,0.24896995087410811,0.3393834468286714,0.8425875360870204,0.5936175852129123,0.14124838860871936,0.35834662282774254,0.593975885475275,0.37687765125625183,0.7352242740839944
17,26,3.104586678466073,0.7251302264129961,20,3.254242968705492,0.9385413408089748,16,1.1735135968412274,0.44361687407254063,4,2.1822989271195437,0.8377284093710529,6,3.29336467685894,0.9634923333584493,16,3.45736765312921,1.4044616650753396,10,2.299246191728531,0.8245930666934465,7,2.7557816039234,1.3728713407877497,5,3.054001181677967,0.7524637577163648,18,3.4436180975461075,1.0232969514416712,17,2.3059128830867204,0.6949973198481069,9,3.4781584227982836,1.501605207630885,9,2.869791050196144,0.8696648905340997,12,3.349904087274605,1.4000876832522264,9,2.367123614131617,1.2286654169163074,4,3.32862668882732,1.7017131885432712,6,0.5734826768038563,0.14953173397096364,1.29585949567874,0.5728450849039199,0.7223768188748836,0.18877799839286702,0.18421013148182297,0.05058549678810609,0.4235736266627961,0.2393634951809731,0.5351429314166969,0.20010798091238624,0.6638767982598321,0.3288418477555215,0.12873386684313526,0.23836210694545323,0.11720113281773492,0.027333531303368686,0.09382744282434963,0.21102857564208455
18,27,2.8903717578961645,1.1394342831883648,8,2.8602943026588865,1.2096708254405737,7,0.9932517730102834,0.6151856390902335,2,2.1709566505156093,1.5858280467949666,2,1.4816045409242156,0.6151856390902335,4,2.9566448848459443,1.28225572271998,7,0.0,0.0,0,3.475067230228611,1.499126891616418,9,2.341805806147327,0.8513711857748395,7,3.809621071810065,1.874362997763265,8,1.5404450409471488,1.041453874828161,2,3.3214324131932926,1.8468787684491346,5,2.33214389523559,0.9360933591703348,6,3.1849742731925192,1.4608274129824577,7,0.0,0.0,0,3.9226331845401616,2.5940101517246608,4,1.3041105797130017,0.601200771346869,1.1504757626776834,0.44756595431155066,0.15363481703531834,1.408767216971949,0.00966191091173707,0.5485659517488375,0.8505393543113744,0.8602012652231115,0.0867011551785486,0.7471313832755262,0.261050721654168,1.0948832601082428,0.3477518768327166,0.5242486440981313,0.08472217339549526,0.2880630974135253,0.32090772008010127,0.236185546684606
19,28,3.6375861597263857,1.292768303109067,14,0.47000362924573563,0.47000362924573563,1,0.9682504708048661,0.597003320007043,2,0.9808292530117263,0.6061358035703156,2,3.739255661439003,1.1162338900179294,20,1.622683139184121,0.7014459833746404,4,1.120591195386885,0.41651494429474933,4,1.561647248597752,0.8133963087115222,3,4.178992036282385,1.6651879275385921,15,1.9878743481543455,0.9458495341156995,4,2.4336133554004498,0.6241543090729939,12,0.7259370033829361,0.7259370033829361,1,3.8663280461660166,1.4679840634012489,14,1.5114575040738967,1.5114575040738967,1,1.7227665977411035,0.7654678421395714,4,2.655586631566469,1.1648854156178892,6,0.5808179955860256,1.9296496281835327,0.2548922496287902,1.093939382968717,0.8357102452148159,0.10166950171261746,0.3126639901163686,0.5414058765559995,0.12707238472701343,0.439736374843382,0.20726050514120664,0.43894841223495307,0.1198011998126205,0.3514891069063669,0.08745930532858615,0.1765344130911377,0.19720386413734325,0.37241962442952503,0.3517501733833195,0.5489540375206627
20,29,2.653241964607215,0.5068176023684519,20,2.799311792380535,0.933475556628256,10,2.9159673050851285,0.8983530311874878,12,2.473733349189875,1.3128272092380182,4,1.33500106673234,0.44468582126144574,5,2.973827438165941,1.1193827360253166,9,2.3856999997045523,0.7401721192048083,9,3.4657359027997265,1.6916760106710724,7,0.4054651081081644,0.4054651081081644,1,1.2809338454620642,1.2809338454620642,1,1.8191584434161694,0.8292793548845254,4,4.429228236158176,3.3541834168939793,3,1.4350845252893227,0.7259370033829361,3,2.4595888418037104,1.3015531326648,4,2.4876805766707255,0.7435233878850122,10,4.272490747605575,2.4069451083182885,7,0.9920025536098516,0.15673748855260072,1.9554948869683009,0.8067548448058486,0.9634923333584493,1.318240897874875,1.0296194171811583,2.2477768564990503,0.10008345855698275,0.9295359586241756,0.3788488014330542,0.9472383085756908,2.0413562076559613,0.715269097647216,1.6625074062229068,0.06213178110700612,0.3204718952747717,0.10135249426028747,0.28125118212149036,0.03922071315328135
21,30,2.4904468301636156,0.7451069194906562,10,1.8666607774011728,0.8614824953791601,4,3.241289419705101,1.6281506213662544,6,2.1935139979396836,0.8449140690319272,6,2.8885181892468417,0.7938540275364245,14,0.8034952377288107,0.4803664162812822,2,1.9506607518139112,0.9196185219668297,4,1.7805861686299298,0.9724610033412098,3,3.2162055963123217,1.0441651281835371,13,2.2009214392175456,0.7643598087852096,7,3.6000482404073204,1.5173226235262949,10,2.9032514207598257,1.908719120729233,3,2.373354163882253,0.8714925889742605,7,1.8191584434161694,1.2762934659055623,2,3.3775875160230218,2.345005808877998,3,3.541925041157273,1.647054776005407,8,0.4129278293097538,0.6386736203974475,0.7097374228201421,1.7613388725273433,1.1226652521298959,0.3980713590832261,0.8428514324300687,0.7257587661487062,0.5151640253645886,0.32768740706548005,0.12754693430928254,0.26166434472382605,1.0638050516973059,0.6745937726641973,0.9362581173880233,0.04874710804576832,0.1726725392092766,0.2990582086928809,0.07763856143783598,0.2503111006471126
22,31,1.882006347075833,0.40949737163610267,11,2.8410258837930096,0.8069336365318434,13,2.049841071903545,0.5606734294935583,9,3.1918471524802814,0.9382696385929302,15,1.7462970951512977,0.3578863311250294,11,2.69237238838298,0.6847789308894288,14,2.0583881324820035,0.6811709895132296,7,3.1654750481410856,0.963719425445266,14,2.54422322694442,0.5018969930216893,18,2.9583764870102223,0.7965056935470984,15,2.1041341542702074,0.5877866649021191,9,4.036008985209137,1.4082732678386658,18,3.01389957750944,0.5916372665024043,24,2.8977518651937872,0.7992217269514287,14,1.622683139184121,0.4580274381990198,7,3.926583156759476,1.0691218601574046,26,0.02637210433919579,0.1094258284496612,0.8441618327288558,0.7611081086183904,0.8705339370680516,0.1357092519245353,0.46967635056502033,0.6622168798685868,1.2676024823581424,0.7979261317931221,0.025449786852335787,0.3391514076812612,0.4700036292457356,0.10540243471213862,0.4445538423933998,0.05161104051107329,0.089740273480715,0.09239962138558666,0.23375093537737496,0.14401066189665995
23,32,2.7746698884436056,0.5029687522707706,23,2.2617630984737906,0.7299611536826617,8,2.7870667414204346,0.7362522810947689,14,2.268683541318364,0.8938178760220965,6,2.9496883350525844,0.7249877864156039,17,2.751535313041949,0.7552789616669515,13,3.3141860046725258,1.1113513144455394,13,3.0007198150650303,1.2200921862058194,8,2.7578980068297776,0.552926799784626,20,3.042933875038285,0.93054759249902,13,3.662706579809913,0.9485427757113432,24,3.0461084808790577,1.099722782952137,10,2.272125885509337,0.6259384308664951,10,3.175272187386069,1.1265025426499422,11,1.7635885922613586,0.676340062243564,5,4.144720769547168,1.820508882514041,12,0.7320362737466661,1.09861228866811,0.7774249395606936,1.1440009544821375,0.04538866581402745,0.1750184466089788,0.4857721213204407,0.016771881613828032,0.6775624495432475,0.19179032822280684,0.3262743101837229,0.720786099561904,0.2059049069300405,0.6004166963082216,0.1203694032536824,0.22201903414483326,0.07301163108186914,0.04995804751385535,0.09904935554910876,0.1720609866309779
24,33,3.0524276172305362,0.7233870657496635,19,2.0104486701928845,0.5924056107584136,8,2.028148247292285,0.5068176023684519,10,2.3639937211226894,0.9576459175560689,6,3.2555291425162363,0.7576857016975165,22,1.4586150226995167,0.7419373447293771,3,2.819392788437584,0.5812840874145521,20,2.9141606198601795,0.736964684059999,16,2.997397552873052,0.7512310919208368,17,2.705825506080099,1.0970237259829718,7,3.332204510175204,0.8842024173226545,19,3.3032169733019514,1.157928865824529,12,3.122364924487357,0.7909794297969801,18,2.412933150162911,0.9911920400472729,6,3.398972686640044,0.9253721774523963,19,3.217541601855064,1.0450672482266747,13,0.5501668987374901,0.0856753714468872,0.9392232521792621,0.3033809819948847,0.3890563534417719,0.20310152528570002,0.12496737161430493,0.05503006435748414,0.13316421802887923,0.25813158964318417,0.22068123349606983,0.11286161759785429,0.20028294826846016,0.3081025641666757,0.42096418176453,0.034298635947852985,0.03974833787614329,0.02784402617117332,0.033293728099463626,0.006454609776679665
25,34,2.1822989271195437,0.5803516864146009,10,1.9315214116032138,0.6113171623123131,7,2.1785324443240666,0.537733076685915,11,2.222820124525183,0.6006663277657801,10,2.4159137783010487,0.8989992347640942,7,1.0296194171811581,0.6418538861723947,2,2.5726122302071057,1.003778185997271,7,3.403417138400468,1.4421144312175807,9,3.5629382307560893,0.9122245049528955,23,1.8666607774011728,0.8614824953791601,4,2.570064458128307,0.7404933011571435,11,3.6686767467964168,1.4311083769096833,12,3.3153973918588227,0.9058662145382709,18,1.80280930541464,0.6997917232786138,5,2.7013612129514133,0.7693363189174917,12,3.747934216895251,1.5616472485977517,11,1.180597013875285,0.07925747009883422,1.4458566222712337,0.34451707849478286,0.26525960839594864,0.23361485118150505,0.24754083889726664,1.3806393036365456,0.899483613557774,1.1470244524550406,0.8414481034518005,0.13053887168806844,0.8304420491439032,0.11953281738017107,0.011006054307897362,0.31864754834949327,0.006358290414624657,0.33187281853829464,0.006866979774176718,0.013225270188801375
26,35,2.328902401311419,0.5079643914849585,14,2.388762789235098,0.8053591711668733,8,1.7227665977411035,0.7654678421395714,4,1.6357552207514738,0.7096764825111558,4,1.33500106673234,0.3364722366212129,7,2.3639937211226894,0.6290126182240702,11,2.302585092994046,1.3862943611198906,3,2.412933150162911,0.7014459833746404,10,2.6366735382599824,0.6918643067470561,13,3.7627493026803918,1.2454534054466548,17,1.3523928094442093,0.5403844260075351,4,3.529297384289471,1.2132156714071134,14,2.951432014657411,0.9739877211950095,11,3.2796572971280598,1.8104721781602091,5,0.0,0.0,0,3.6428355156125294,1.6357552207514738,9,0.7771779294114374,0.11353813132305834,1.8935421635379972,1.2299023654496182,1.1163642341265598,0.993901334579079,0.3147584763974285,0.3077711369485634,1.616430947925071,1.3016724715276424,0.008230499136515412,0.42253954934436044,0.5035391888959576,0.9343092373768335,0.511769688032473,0.17149215486374564,0.2821234144479534,0.1838999152620976,0.6375154845737967,0.35539207012584323
27,36,2.8526314299133175,0.6733445532637655,17,3.2041005392860464,0.8385293705672576,18,1.9459101490553132,0.5596157879354227,8,2.7386871705641,0.7480237907857796,13,1.7972996496036704,0.48806863664337446,8,2.9267394020670396,0.858226930919394,13,3.0155349008501706,0.9619012431262072,12,3.0106208860477417,1.3236587901284056,7,2.4849066497880004,0.579818495252942,14,3.42859635585027,1.094901709271574,15,3.1891036665345305,0.9790419424376304,14,3.4995332823830174,1.1006934548719343,16,2.5977391802845275,0.8079628549885267,10,3.241289419705101,1.0611677749160842,13,3.361532125269724,1.1445493838551353,13,3.0476920124847022,0.9829104192155509,12,0.27193371548364187,0.4518412698983152,0.7608461118189176,0.03707112643696053,0.4889123963352757,1.0553317803096471,0.1128325304965272,0.3677247801253172,0.8004395306808572,0.68760700018433,0.575634999342626,0.11778303565638337,0.35266966408615463,0.3407483709128547,0.22296533525647133,0.18527591662039106,0.22814435973558467,0.09352605801082348,0.31989421834515225,0.09174985860956758
28,37,3.183594010723561,0.6749266344464171,24,2.2335922215070942,0.5639354490799392,11,2.1041341542702074,0.4149438520627081,14,3.0413427848060435,0.8853404858330541,14,3.120895416507997,0.7088955375280844,21,2.4821250068261236,0.6491372395635028,12,0.47000362924573563,0.26236426446749106,2,3.12968024606373,0.8269236411920662,17,3.353406717825807,0.7041970167465302,27,2.6718471524382497,0.6106709587357069,16,1.7861884241785997,0.5362148577708102,7,3.8863632586475685,1.094901709271574,24,3.3545715403221,1.0445862188144772,15,2.4009209937149074,0.8892620594862358,7,0.8754687373538999,0.5306282510621704,2,3.959542521396122,1.4881487374484292,15,0.08833746125768638,0.07317926274855369,0.845020473841525,0.8298622753323923,0.7566830125838386,0.06269859421556401,0.0011648224962930165,0.16981270710224594,0.23367612381410297,0.23251130131780995,0.05841684464098795,0.3932470281768552,0.2095612234385199,0.661225096256363,0.26797806807950786,0.033968903081667334,0.340389202067947,0.02927038230011314,0.3356906812863928,0.004698520781554194
29,38,2.7870667414204346,0.700894867350771,15,2.928523523860541,0.9062403960206534,12,1.7861884241785997,0.43944896092376295,9,3.1354942159291497,0.7419373447293773,20,2.678735813433435,0.7147079396665229,13,3.164067588373206,1.1186129553747792,11,2.348195604246098,0.6209022736866165,11,2.5726122302071057,0.7419373447293771,11,2.299246191728531,0.6912936119106224,9,3.6497920654058897,1.3018770193073075,14,2.4277482359480516,0.9067212808580044,7,2.9231615807191558,0.9028677115420144,12,2.5572273113676265,0.8425245816345458,9,3.442552567344069,1.2024331581403431,13,1.622683139184121,0.5951667721997416,5,3.439349147626532,1.200119235009946,13,0.562881985722044,0.5161875669073761,0.2123326352099939,0.8667369174194262,0.35054935051205005,0.10833092798699973,0.25798111963909554,0.4878205496919037,0.12150850206580843,0.37948962170490397,2.220446049250313e-16,0.2972515234679317,0.16093036681263706,0.458181890280569,0.16093036681263728,0.013813072315751906,0.15123096972392336,0.00960125544014856,0.1278166419680229,0.023414327755900466
30,41,3.008977500304012,0.9576459175560689,12,1.377926111449374,0.554842509182765,4,3.0023768162726596,1.0077367059316504,11,0.0,0.0,0,2.4595888418037104,0.9276544905244701,7,0.5306282510621704,0.30010459245033816,2,3.4318343511240452,1.25117440581023,12,0.8614824953791601,0.8614824953791601,1,3.816246050034377,1.0756452395764404,23,1.7227665977411035,1.1939224684724346,2,3.6410887902775877,1.245754338340891,15,1.7692866133759964,0.6797241602278046,5,3.547699840651157,1.1783130575453584,15,2.2009214392175456,0.95807226588911,5,3.7168188228031775,1.5365413274666755,11,0.31237468504215243,0.31237468504215243,1,0.8614824953791601,1.4569119283338439,1.7692866133759964,0.5491078103370077,0.9078041179968362,0.5493886585003014,0.26854620938322027,0.8072685497303653,1.0881109988474464,1.3566572082306667,0.8614824953791601,0.36734947518565214,0.6797241602278046,0.5491078103370077,0.18175833515135553,0.02999142703159874,0.102667817968918,0.11799932202037156,0.2506585670208883,0.1479907490519703
31,42,2.681021528714291,0.8048511701399466,11,2.2582848340974655,0.9981778913463393,5,0.9932517730102834,0.6151856390902335,2,2.940924037058996,1.3835127181580138,6,2.5494451709255714,0.6847789308894288,12,1.6613976513648114,0.884685392458824,3,1.7578579175523736,0.6729444732424258,5,3.5361166995615263,1.4663370687934272,10,2.501435951739211,0.587786664902119,14,3.2121868367174042,1.041453874828161,13,2.8233610476132047,0.7965827678081873,13,3.653252276470785,1.5602476682433286,10,2.3577043922151253,0.786561625199371,8,3.379860244274024,1.2750241617368363,11,2.1935139979396836,0.5859330962527961,10,3.8408849775948064,1.3956944856318059,15,0.5951926625025301,0.1876327011240213,0.7123282394117889,0.3047682780332801,0.1171355769092588,0.13157635778871946,0.14373155952408556,0.17958557697508004,0.19174077871044615,0.048009219186360585,0.08282435063541338,0.16455318261152274,0.1767349500853148,0.07064258316162131,0.09391059944990143,0.1200722392505178,0.19877496029725206,0.2170645052378276,0.10178269430994225,0.09699226598730981
32,43,3.1105479479825724,0.7552155481154542,19,2.6100697927420065,0.8153648132841944,10,2.908720896564361,0.768048488733063,15,1.7635885922613586,0.590868331439527,6,2.0959708436310462,0.583662947718257,9,2.562381961956291,0.7869410598463062,10,3.091042453358316,1.2039728043259361,9,3.054001181677967,1.4739999415389964,6,2.7124847981700757,0.8236436694893139,11,3.20545280453606,1.213923135179104,10,2.087740344494531,1.2106173470446047,3,3.5936526041709156,1.930715934314397,6,2.9356283494842854,0.9636368524713533,11,3.077312260546414,0.907682357337555,14,1.0531499145913523,1.0531499145913523,1,3.9852734671677386,1.9266787871274256,9,1.2904125894166083,0.39162086299682297,1.830064011909557,0.9312722854897717,0.5396514224929487,1.0145771043515261,0.2231435513142097,0.3980631498124967,0.8396575058532392,0.6165139545390295,0.8831316100994694,0.004037147186971346,1.3398476028748698,0.4526788455884292,0.45671599277540054,0.17155260039719722,0.13999318298203944,0.06842812137385967,0.37997390475309634,0.2399807217710569
33,44,3.2215389422876846,0.6945351058347934,24,2.6222502112988773,0.6157860594024773,15,0.0,0.0,0,2.448127398284704,0.9200930178238936,7,3.2859112262043593,0.9989965569671752,15,1.9315214116032138,0.6847789308894288,6,0.0,0.0,0,2.33214389523559,0.6127256132493712,11,3.258096538021482,1.0726368022648491,13,2.875446107679489,1.3320728069532517,6,0.0,0.0,0,3.2733640101522705,1.4291143583028187,8,3.2593777681775307,1.0253586523203033,14,2.186051276738094,0.9477893989335261,5,0.0,0.0,0,2.762117422372486,1.2447947988461912,6,0.11598350304911387,0.5112465877797847,0.8252366118675667,0.42997352713689585,0.9412201149166806,0.06437228391667471,0.0012812301560485295,0.03655759573379758,0.026533458026828605,0.027814688182877134,0.3073674045745224,0.1843195594566276,0.5090213404789251,0.6320691855968199,0.8163887450534475,0.30446145113238177,0.04727814994454582,0.37810169643005576,0.026362095353128168,0.07364024529767399
34,45,3.379860244274024,0.8547529948822205,21,0.7731898882334819,0.7731898882334819,1,3.379860244274024,0.9462090523651229,18,1.041453874828161,0.377294231141468,4,3.0508515727750707,0.9355904675328819,13,1.7287013332609182,0.5722342518946342,6,3.4646936932212826,1.1668641449303419,14,1.6160824551527688,0.5141534138586652,6,3.1455880290983687,0.8363133815419052,17,2.8253392876253103,0.9503700455270178,10,3.7232808808312687,1.6174060820832772,10,1.9832976811269336,0.9426080401915283,4,3.4318343511240452,0.8859951503408875,21,1.9021075263969205,0.8858315243894465,4,3.5253796515605695,1.1185510722719407,16,2.8273136219290276,0.8437200390393197,12,0.5746285803246078,0.844015940802094,0.9418438062987726,1.2112311667762587,0.3672152259741648,0.3290086714989533,0.28624632202567657,0.23427221517565533,0.38098277834897454,0.09473645632329797,0.13685918271719721,0.09888800115220864,0.5653138090500603,0.3295666251806545,0.42845462633286313,0.08083747265066143,0.04968176879898234,0.018439613340315297,0.04959531719199439,0.09927708599097673
35,47,3.391147045808654,0.9533724067786868,18,0.15415067982725836,0.15415067982725836,1,2.348195604246098,0.6209022736866165,11,0.0,0.0,0,3.1164738912501195,1.1495166185298773,10,0.0,0.0,0,2.782951509275328,0.9877496958563,9,1.589235205116581,1.0818051703517284,2,3.5798083590595744,1.201302575770057,15,1.3862943611198906,0.9162907318741551,2,3.123832276181307,1.033579818397255,12,1.5114575040738967,0.6330432564902398,4,2.9890432854031945,1.211444819164637,8,1.3261904370501851,0.8685000680378065,2,3.342861804649192,1.3164082336557241,10,1.9969653198555974,0.9523011693971882,4,1.589235205116581,0.48550781578170077,1.5114575040738967,0.40773011473901644,0.07777770104268433,0.27467315455853436,0.5907650736563799,0.1886613132509205,0.127430605846925,0.46333446780945486,1.0818051703517284,0.3192579129069484,0.6330432564902398,0.12950400095454018,0.44876191386148856,0.19614421175119046,0.01014224339457992,0.24793016899137021,0.06192820063475968,0.05178595724017976
36,48,3.635830233024121,0.8620040077768989,27,1.8510760463844744,0.5133225039645779,8,2.7300291078209855,0.6114691495456782,17,1.1314021114911006,0.5306282510621705,3,3.6278901824875067,0.9023270248567689,25,1.9647786333596962,0.6292433785804651,7,2.1897895988487015,0.6889718091494647,8,1.892107443062337,0.6621150713122169,6,3.8572147689331513,1.1333552371119826,22,2.1041341542702074,0.5423242908253617,10,2.338595530517079,0.5122531757571761,14,0.5108256237659906,0.5108256237659906,1,3.914021008090819,1.3579554028014245,17,2.108190954965822,0.6440444675522135,8,1.5960148921019597,0.5041366356151941,6,1.8137383759468304,0.8256363636060242,4,0.7607053315712364,1.30291275218084,0.62057648772511,0.07836906711550662,1.3812818192963463,0.007940050536614063,0.056806239157667804,0.2213845359090305,0.2861308256033124,0.22932458644564457,0.13148682025004643,0.3148107398400336,0.019802627296179875,0.1635212922938073,0.1512894475462263,0.04032301707986996,0.22460016568944186,0.2713512293350837,0.4556283779446556,0.23102821225521375
37,49,2.766319109226186,0.6898082792944307,15,2.9338568698359038,1.170932950247736,8,2.9583764870102223,0.7965056935470984,15,0.0,0.0,0,2.8292840659163265,0.5859330962527961,20,2.7557816039234,0.8010045764163588,12,2.77050321574876,0.660322634911902,16,1.6486586255873816,0.5306282510621705,6,2.8449093838194073,0.6693365318662268,17,4.209160236650682,1.637782385443243,16,1.1631508098056809,0.7419373447293773,2,0.0,0.0,0,2.1041341542702074,1.0296194171811581,4,4.164077900236776,2.6149597780361984,5,0.4906229164484712,0.4906229164484712,1,0.0,0.0,0,1.6486586255873816,0.0,0.0,1.6486586255873816,1.6486586255873816,0.06296495669014046,0.7407752295491998,0.07859027459322121,0.7251499116461191,0.01562531790308075,0.5306282510621705,0.0,0.0,0.5306282510621705,0.5306282510621705,0.10387518304163457,0.36028288531493136,0.0204717474282039,0.443686320928362,0.08340343561343067
38,50,3.0524276172305362,0.8520484631458015,15,2.2582848340974655,1.349515109616594,3,2.5902671654458267,0.7519876805828787,11,3.0476920124847022,1.1723674649106048,9,1.4190841839428814,0.5784842722398055,4,2.3918162267219882,2.3918162267219882,1,2.793208009442517,1.2685113254635072,6,3.5779478934066544,2.533696813957432,3,3.548659073338617,1.1789968182557589,15,2.1709566505156093,0.746462239327667,7,1.1314021114911006,0.7178397931503168,2,3.711130063048756,1.2974631474132747,15,2.163323025660538,0.7419373447293773,7,2.5952547069568657,1.247032293786383,5,1.7749523509116738,1.2383742310432684,2,4.196700568859629,1.93895964322879,11,0.5302558809219522,0.4855705058108728,0.6634380505640536,0.6187526754529742,0.1331821696421014,1.6333434332876549,1.3853360476780794,0.49623145610808095,0.7442388417176564,2.1295748893957356,1.3613293490468272,0.6414964958155154,0.1250956825026699,0.594737170728642,1.2362336665441573,0.27356419090599604,0.4370594735263815,0.32694835510995734,0.16345307248957186,0.6005125460159534
39,51,3.3855195689429256,1.0236492501946544,16,0.0,0.0,0,2.100060828882572,0.4682660093471948,12,0.7576857016975165,0.4489502200479032,2,3.732098573233913,1.3640244067598541,14,0.26236426446749106,0.26236426446749106,1,2.0237526358192475,0.46810789408083636,11,0.6061358035703156,0.6061358035703156,1,3.5881378843124043,0.9549285245795691,22,2.634284050862601,1.0464832232331631,7,3.414442608412176,1.042923382807521,16,2.6508917872622613,0.787079000394149,11,3.4446824936018943,0.9229352745928237,20,2.72785282839839,1.0251451367862372,8,3.300762984340385,1.1561821404895876,12,3.064947342575464,1.1849032416055854,9,0.15154989812720088,0.4140555553132028,1.8932060855647448,2.4588115390051484,2.0447559836919456,0.3465790042909873,0.14345539071051006,0.20261831536947872,0.28741607963201865,0.1439606889215086,0.1571855835224124,0.39782424121143634,0.3381287803462458,0.5787674380352698,0.18094319682383342,0.3403751565651998,0.031993249986745464,0.06872072561508524,0.4410891321670305,0.40909588218028503
40,52,3.0236716422432326,0.7357453744814563,18,2.0959708436310462,0.4665253648694108,12,1.410986973710262,0.4824261492442928,5,1.6613976513648114,0.5371429320833642,6,2.782951509275328,0.5643663906940205,20,2.0455399900041544,0.5585570265871805,9,0.36000273403140703,0.36000273403140703,1,1.8971199848858813,0.6649763035932491,6,3.5798083590595744,0.736964684059999,32,3.1075717553095266,0.8856024030687053,15,2.8507065015037334,0.6723440529301822,17,2.719100037288795,1.0191481173138628,8,3.4318343511240452,0.946019848345865,19,1.4816045409242156,0.6151856390902335,4,3.309325727790273,1.0589470322756782,14,2.7767467323884447,0.9836031798944515,9,0.23572233352106986,0.057646695099649925,1.0577023859239834,0.8796267475025634,0.8219800524029135,0.24072013296790473,0.14797400793552917,0.5561367168163418,0.6488828418487174,0.7968568497842465,0.12783337150988494,0.03554493741941134,0.4820051852304986,0.31862687630120234,0.3541718137206137,0.17137898378743577,0.209055164285866,0.001219309578542771,0.38165345765184455,0.17259829336597854
41,53,3.3416832541297476,1.0809977419671275,14,3.289644895756408,1.094329626876109,13,1.2237754316221157,0.7884573603642703,2,1.892107443062337,0.8789349453303861,4,3.0834378539730967,1.0626186860202043,11,3.077312260546414,0.907682357337555,14,0.9028677115420144,0.550046336919272,2,2.3059128830867204,1.0319975395861256,5,3.513533511056407,1.0701052207417838,17,3.539025087457483,1.1280362382359954,16,0.0,0.0,0,2.151762203259462,0.8183103235139513,6,3.042933875038285,1.2515717831252149,8,3.283414346005772,1.2716314527997508,10,0.6418538861723947,0.371563556432483,2,3.2859112262043593,2.0059743897979634,4,0.41380544002438335,1.1341490229448974,0.25965476019712486,0.9799983431176389,0.1541506798272585,0.258245400156651,0.47059963601812216,0.17185025692665956,0.04050397893481161,0.43009565708331055,0.15306259425573954,1.187664066284012,0.0606246218164348,0.9739768502118378,0.21368721607217434,0.01837905594692324,0.18146656238343106,0.010892521225343677,0.18895309710501063,0.007486534721579563
42,54,3.3463891451671604,0.604481543474289,33,2.667228206581955,0.85015092936961,10,2.8641038310755547,0.6024928122918145,20,1.2809338454620642,0.41871033485818504,5,3.036554268074246,0.664976303593249,21,1.1837700970084166,0.5627853626967018,3,2.970414465569701,0.8034952377288107,15,3.339321977944068,1.1289176381634387,13,3.7954891891721947,1.0617077317326586,23,2.8583840824027678,0.913863546216544,11,3.0476920124847022,0.6706743247078867,21,2.2300144001592104,1.1233049012584813,4,4.015782239718998,1.2143535203804967,23,2.6602595372658615,0.9073621011298537,9,2.655586631566469,0.6324531118876888,15,2.328902401311419,0.7693363189174917,8,2.058388132482004,0.09888800115220864,0.9490805546971461,1.010419576632649,1.1093075777848576,0.30983487709291424,0.22029305054680348,0.44910004400503434,0.9792279716447521,0.7589349210979486,0.7102073033052536,0.3539685823409896,0.7045945664002962,0.35958131924594705,0.005612736904957449,0.060494760118960045,0.15264578864783807,0.4572261882583697,0.5493772167872477,0.39673142813940965
43,55,2.732200661334493,0.5631184184866247,19,1.2237754316221157,0.47000362924573563,4,2.9373966965410276,0.8647274955224873,13,1.33500106673234,0.5306282510621704,4,2.3978952727983707,0.8873031950009029,7,0.8183103235139513,0.4906229164484712,2,1.8614928072427301,0.6447735962757295,6,2.0626344233634546,0.9994056385846617,4,2.766319109226186,0.8072196368197931,12,1.3862943611198906,0.5596157879354227,4,3.730501128804756,1.3119299458310283,15,2.473733349189875,1.1547825601351642,5,3.5908990457537326,0.9855798557703241,21,1.4508328822574619,0.597003320007043,4,2.9618307218783095,1.041453874828161,10,3.323836260504687,1.0688074244097583,14,0.7276333566311146,0.8501029113148122,1.138732282457535,1.2612018371412326,0.4110989258264204,0.33430538853612246,0.8245799365275466,0.03411844789169294,1.193003772955362,0.3684238364278154,0.4687773875224913,0.08597513572540594,0.6241543090729939,0.0694017858250966,0.15537692155050253,0.32418477651427824,0.178360218950531,0.24410121833316845,0.09827666076942121,0.08008355818110979
44,56,3.8423155930033257,1.0134639769588731,26,1.252762968495368,0.4855078157817008,4,2.3059128830867204,0.5612018310910575,12,2.120263536200091,0.550046336919272,10,4.006726940897444,1.3858312909564874,18,1.5960148921019597,0.6847789308894288,4,2.0059743897979634,0.7286215687536051,6,1.8666607774011728,0.4746225751020301,9,3.1891036665345305,0.5464340512333583,32,3.459466289786131,1.2146844599208637,13,2.8013381355257674,0.6763400622435641,16,3.3843902633457743,0.9490805546971458,18,2.9231615807191558,0.6556092612408803,19,2.8678989020441064,1.0453677741492975,9,2.5776883832389665,0.9245895346888501,8,3.629660094453965,1.2374075804121734,15,0.25360275879891825,0.24526983110819067,1.2641267271456833,1.7629993170527922,1.5177294859446016,0.16441134789411826,0.2659420858153747,0.6532119264687952,1.0835653601782882,0.8176232743629135,0.07542376181724186,0.28832702571502755,0.39903421777787385,0.7627850053101433,0.4744579795951157,0.37236731399761425,0.10917521000752195,0.4670299257255148,0.7302220297156071,0.8393972397231291
45,57,3.3105430133940246,0.9745596399981308,16,1.1735135968412274,0.44361687407254063,4,3.2347491740244907,1.0090001299784226,14,1.9878743481543455,1.1314021114911006,3,3.484312288372662,0.8905066147184405,22,0.15415067982725836,0.15415067982725836,1,3.1340438893515032,0.8294932357536969,17,1.698669046162043,0.556436135018043,6,3.8394523125933104,1.5040773967762742,13,2.762117422372486,1.549333988364395,4,2.506885556506776,0.8117529229677923,9,3.0985896589936988,1.0166387057084372,12,3.6788291182604347,1.3236587901284056,14,0.9028677115420144,0.9028677115420144,1,2.0583881324820035,0.8614824953791601,5,3.8169794567412523,1.6950038007637471,10,0.28920530199230243,0.7183897977475535,1.1107153108393533,2.118310410579209,1.3999206128316557,0.17376927497863726,0.16062319433287575,0.5289092991992859,0.19451682988777286,0.3551400242206486,0.5749659764730576,0.67836509505531,0.11476340578266342,1.138567665745704,0.46020257069039416,0.08405302527969027,0.18041860664786857,0.5295177567781434,0.4331521754099651,0.6135707820578337
46,58,3.5085558999826545,0.8544153281560675,24,2.5649493574615367,0.8472978603872034,9,0.3829922522561059,0.2097205309820691,2,2.348195604246098,0.718742727748909,9,3.5610460826040513,1.289444535129973,13,2.0959708436310462,0.702625924514489,7,0.3829922522561059,0.3829922522561059,1,2.710269957840523,1.1001983318237445,7,3.7248898916369693,1.2610617713100631,16,2.585254623622282,1.1133184360578052,6,1.442989704796436,1.442989704796436,1,3.005682604407159,1.3198492617117379,7,3.8698111566188365,1.591500211747433,12,2.5546399878026755,1.2159013751912098,5,1.1735135968412274,1.1735135968412274,1,3.3416832541297476,1.4834966890762533,8,0.3620743535944251,0.3360006497225885,0.6574870001610611,0.6314132962892245,0.295412646566636,0.05249018262139682,0.1449212649818672,0.21633399165431477,0.30876507401478515,0.16384380903291795,0.3814556040748355,0.16364742736451543,0.6011065339628289,0.3832983572525088,0.2196509298879934,0.43502920697390557,0.3304384404373699,0.4066464431539957,0.30205567661746,0.028382763819909895
47,59,3.0236716422432326,0.7079493663650809,19,1.7749523509116738,0.6830968447064438,5,2.473733349189875,0.791818708066975,9,1.892107443062337,0.5330762327008104,8,3.1164738912501195,1.1495166185298773,10,0.0,0.0,0,2.075266170269355,1.0085660079833259,4,1.7578579175523736,0.6729444732424258,5,3.787970356758167,1.2639051450486098,17,2.9890432854031945,1.211444819164637,8,1.8971199848858813,0.6649763035932491,6,2.77050321574876,1.25117440581023,6,3.312973148247316,1.5646397695342058,7,0.3364722366212129,0.3364722366212129,1,0.7096764825111558,0.7096764825111558,1,2.0237526358192475,0.8386894858506035,5,0.13424952550996339,0.7467505799295124,0.8783957726864229,0.26589471826687383,1.0126452981963863,0.09280224900688694,0.4749972085108509,0.7642987145149345,0.19649925699719661,0.6714964655080475,0.1398682405416154,0.41248491995962655,0.7180981731094197,0.16574501260817776,0.5782299325678043,0.4415672521647964,0.30073462448559596,0.555955778683529,0.4151231510043285,0.11438852651873255
48,60,3.882250847094476,1.4805217037853835,14,0.9932517730102834,0.3541718137206139,4,0.0,0.0,0,1.410986973710262,0.4824261492442928,5,3.634951112088381,1.2908055939412184,14,1.547562508716013,0.4803664162812822,6,1.2901505005669882,0.5058130819424463,4,1.7578579175523736,0.6729444732424258,5,4.206184043977636,1.6876327600191572,15,2.536338823420271,1.0780315809680892,6,0.8472978603872034,0.8472978603872034,1,2.5520459526256287,1.0893098960057963,6,3.47918670052385,1.5024299499456752,9,2.886661178499629,1.3408319870431333,6,0.5690945318899664,0.5690945318899664,1,3.4719664525503626,1.6969253665572162,7,0.3468709438421116,0.9199204999247339,1.1410589789153667,1.714108534997989,0.7941880350732551,0.24729973500609503,0.7269973434537862,0.32393319688316025,0.1557644115645309,0.5712329318892553,0.190518323998133,0.6076154705514198,0.6068837467615036,1.0239808933147905,0.4163654227633705,0.1897161098441651,0.18520281007348194,0.20711105623377368,0.21162435600445684,0.3968271660779388
49,61,3.094068174274853,0.6300890445928083,24,3.0301337002713233,1.0885619528146082,10,2.3948603691032164,0.6450386022399147,11,2.4538745405402715,0.8455105498131078,8,3.0106208860477417,0.7912942416994697,16,1.8666607774011728,0.6476848064831879,6,2.0412203288596382,0.7498425242364906,6,2.4849066497880004,0.8649974374866045,8,3.3214324131932926,0.7705107171734332,23,3.114995694380809,1.0276333192095288,12,1.892107443062337,0.6621150713122169,6,3.803695128542518,1.5380612495918726,12,3.064947342575464,0.730172503149791,19,2.147878703233064,0.9216098933517549,5,0.9295359586241757,0.5690945318899664,2,4.134633081136212,1.4849658886269201,18,0.031032109247728812,0.33093795259369463,1.3498205880022462,1.649726431348212,1.3187884787545174,0.08344728822711112,0.25648507061782855,0.22736423891843982,0.05432645652772239,0.31081152714555094,0.01948688767349671,0.05309536096495249,0.6925506997787648,0.6199684511403156,0.6730638121052681,0.16120519710666137,0.04033821402364224,0.14042167258062488,0.06112173854967873,0.02078352452603649
50,62,3.461560531389246,0.9041538853527585,21,1.9411368703026557,0.5086009287438795,9,0.8472978603872034,0.8472978603872034,1,1.6094379124341003,0.4519851237430572,7,3.0524276172305362,0.697305190708609,20,2.0412203288596382,0.4756693667814129,11,1.5114575040738967,0.6330432564902398,4,1.9832976811269336,0.5784842722398055,8,3.4404180948154366,1.1496674594683938,14,3.4965075614664802,1.1420974006078486,15,1.2431935174792172,0.6000567574939335,3,0.42744401482693956,0.42744401482693956,1,3.5155176386914535,0.9997284795882727,19,4.017583501088638,1.4374160721604097,17,0.0,0.0,0,0.0,0.0,0,0.3738597686928333,0.42744401482693956,1.1819938976071607,1.9832976811269336,1.555853666299994,0.40913291415870967,0.07509954387601692,0.02114243657380932,0.46309002146091727,0.38799047758490035,0.12649914849674826,0.42744401482693956,0.02454110891611766,0.5784842722398055,0.15104025741286592,0.20684869464414957,0.14993897988012106,0.24551357411563524,0.30242328887966374,0.4523622687597848
51,63,3.106080330722856,0.7010523600670585,21,0.0,0.0,0,3.3933891992143437,0.9218890669995761,19,1.582409240046181,0.8280664984593159,3,3.355735007585398,0.8685000680378065,20,0.5306282510621704,0.5306282510621704,1,3.1135153092103742,0.9760099665757773,13,2.075266170269355,0.6907633892046691,7,3.1105479479825724,0.7034117791718281,21,0.0,0.0,0,3.9166788169643403,1.2784942248326936,19,2.9014215940827497,0.8892620594862358,12,3.4457457579232242,1.0247054023787292,17,2.7013612129514133,1.3297240096314964,5,3.0524276172305362,1.2586977040151826,8,3.459466289786131,1.4866423349541726,9,0.492856930223174,0.5580446957033813,1.3190123540365686,1.384200119516776,0.8261554238133946,0.24965467686254206,0.33519780994065185,0.004467617259716228,0.09001075033782602,0.24518705960282583,0.13730310925464684,0.5973802754679368,0.06119556102691992,0.7958789457495036,0.19849867028156676,0.16744770797074804,0.32129362320690114,0.0023594191047695556,0.15620533434092265,0.16508828886597848
52,64,2.5468376075184906,0.6445493055940671,13,2.412933150162911,0.8970593699462676,7,1.892107443062337,0.8789349453303861,4,3.380994674344636,1.3454723665996355,10,1.4508328822574619,0.5027934520687264,5,2.533696813957432,1.916922612182061,2,0.9555114450274363,0.5877866649021191,2,3.4636503963087053,2.1671471220989416,4,2.894068619777491,0.884685392458824,12,0.42744401482693956,0.42744401482693956,1,1.8614928072427301,0.6447735962757295,6,4.230719131409097,1.7648123329810752,14,2.33214389523559,1.0508216248317612,5,0.0,0.0,0,0.8472978603872034,0.5108256237659906,2,4.427637145925934,2.5509321600471497,7,0.08265572196406934,0.19691801451683766,0.8497244570644606,0.963986749617229,0.7670687351003913,1.0960047252610288,0.561924724541901,0.3472310122590003,0.8813110129781281,1.443235737520029,0.821674755499306,0.7861198270660745,0.41933996638143967,0.3837850379482082,0.40233478911786635,0.1417558535253407,0.16613623237293718,0.24013608686475696,0.5480281727630348,0.38189194039009766
53,65,3.0252910757955354,0.6830968447064438,20,1.1096621248546947,0.7014459833746404,2,2.5520459526256287,0.6472374792558675,13,1.0761394328160512,0.39429180751003917,4,3.042933875038285,0.6923134998113678,20,0.550046336919272,0.31237468504215243,2,2.33214389523559,0.7096764825111558,9,1.912008597379632,0.6735112060430865,6,4.3183766075974255,1.6321411944109174,18,0.8614824953791601,0.8614824953791601,1,2.2617630984737906,0.6706743247078867,9,2.52038103798166,0.9682504708048661,7,3.9180050771056933,1.406403314042604,16,1.1939224684724346,0.5690945318899664,3,1.4586150226995167,0.7419373447293771,3,3.1986731175506815,1.1430640512389434,11,0.8358691645635807,0.6782920795690215,1.4442416051656088,1.2866645201710496,0.6083724406020281,0.017642799242749696,0.40037153049173213,1.2930855318018901,0.8750712020674083,1.2754427325591404,0.2792193985330473,0.17481358043407724,0.573958663294827,0.46955284519585694,0.2947392647617797,0.009216655104923976,0.22573788036831344,0.9490443497044736,0.7140898142312362,0.9398276945995496
54,66,3.1030907918744903,0.5977087874084354,26,1.6739764335716716,0.6241543090729939,5,2.6026896854443837,0.5511769192895581,17,1.5332765514685363,0.546192767603282,5,3.017167554274056,0.762270762458167,17,2.7557816039234,0.7576857016975165,13,1.582409240046181,0.439789850649239,7,3.190476350346503,0.9373996950843904,15,3.485334260868355,0.7375489668694928,29,3.8501476017100584,1.0986122886681098,23,1.1735135968412274,0.44361687407254063,4,2.448127398284704,0.5948839267728806,13,3.060270794691562,0.6545323444321658,22,3.4584175219920468,1.213923135179104,13,1.8666607774011728,0.8614824953791601,4,3.2360606496223014,0.9270658050421137,16,1.6571997988779665,0.7879332513375976,0.9148508468161676,0.045584299275798656,0.742348952061799,0.08592323760043419,0.4250634661767929,0.3822434689938645,0.043103240417505795,0.4681667065942987,0.3912069274811084,0.33218187826923307,0.04869115916959865,0.010333890042276694,0.34251576831150976,0.1645619750497317,0.08301662243732699,0.13984017946105742,0.10773841802600126,0.024721795588674267
55,67,3.456316680883235,1.1609161720042644,14,0.0,0.0,0,2.9923933722884763,1.0624092400041492,10,0.4906229164484712,0.2751032902449208,2,3.3684445951903474,1.0994056246875055,14,0.8892620594862358,0.8892620594862358,1,3.169685580677429,1.1225655296906025,11,2.204604684633842,0.7665746491147625,7,2.3191143949452564,0.5675209674425359,12,2.8213788864092133,1.0902440389975931,8,3.595484106514383,1.2126021310239905,15,3.261935314328648,1.2556160374777745,10,3.2094986630556037,0.8417268153377483,18,2.517696472610991,0.9664405155596266,7,3.5331998282664028,1.3269276283847133,12,3.0985896589936988,1.392229096639705,7,1.7139817681853706,0.16334565533494905,2.771312397880177,0.8939849743598569,1.057330629694806,0.0878720856928874,0.8903842681103473,1.1372022859379785,0.15894593213474373,1.049330200245091,0.49147135886984167,0.13661305916193056,0.9805127472328536,0.6256544475249426,0.48904138836301203,0.06151054731675898,0.2742058478952124,0.5933952045617286,0.2576788093497572,0.5318846572449696
56,68,2.994064216453294,0.8997443357597462,13,3.066501344442198,0.9953072721923795,12,1.667706820558076,0.7299611536826617,4,2.4306850956213615,1.1227627489003928,5,3.0122615755052013,1.2286654169163074,8,2.932082246477535,1.5158595654745342,5,0.0,0.0,0,2.745131876006742,0.9626087068981981,9,3.162658144869972,1.117622365893083,11,2.1041341542702074,0.7073318155519017,7,2.766319109226186,1.552867560945706,4,2.533696813957432,0.8960880245566357,8,2.338595530517079,0.849336597077052,7,2.4595888418037104,0.9276544905244701,7,3.2135282185416054,1.9411368703026557,4,3.8753590210565547,1.7439688053917066,10,0.31444678038538054,1.3416622070991227,0.10301171833607059,1.1302271450498127,0.21143506204930995,0.018197359051907558,0.8240626143528931,0.1685939284166782,0.6736660449881224,0.15039656936477064,0.16015404200219474,0.8478807808350709,0.22667472434375713,0.7813600984935085,0.06652068234156239,0.32892108115656116,0.26828576881603106,0.21787803013333684,0.37932881983925537,0.11104305102322432
57,69,2.1041341542702074,0.4149438520627081,14,2.52038103798166,0.7623622495814184,10,3.353406717825807,0.9295359586241757,18,1.4190841839428814,0.5784842722398055,4,1.7227665977411035,0.4128452154057869,9,3.432911357151683,0.9801345673290477,18,2.9583764870102223,0.7615843421131738,16,2.528391761727739,0.8248250045351451,9,2.247776856499051,0.570808328367701,11,2.186051276738094,1.0902440389975931,4,3.861431219312086,1.318351358495776,17,3.4318343511240452,0.9794393987226719,18,2.0794415416798357,0.3629054936893685,16,2.751535313041949,0.9028677115420144,10,3.667826044916104,0.9269009109861704,25,3.361532125269724,0.7482664797810249,25,1.1093075777848578,0.07030222585432133,2.0127501671811636,0.8331403635419847,0.9034425893963061,0.3813675565291039,0.16833531481921504,0.14364270222884334,0.3566749439387322,0.5250102587579473,0.2463407322953396,0.23117291894164704,0.40095512648286646,0.07655852475412017,0.15461439418752687,0.0020986366569212267,0.20790283467833254,0.1558644763049929,0.04993972171641842,0.15796311296191412
58,70,2.7788192719904172,0.7708202188781633,13,2.7952467461323653,1.2700726060304597,6,2.69237238838298,0.7222079748230694,13,1.1526795099383853,0.5436154465889816,3,3.254242968705492,0.7819426793430766,21,2.528391761727739,0.9736607635331137,7,2.4876805766707255,0.6520357923175141,12,0.6061358035703156,0.3483066942682158,2,3.4011973816621555,0.8157495026522777,23,0.7731898882334819,0.45953232937844024,2,4.044220175039532,1.3358778752058746,20,1.6160824551527688,1.104152469043725,2,3.2000327370667208,0.9434734664679574,15,1.692552819144607,1.168345626682785,2,4.07753744390572,1.4403615823901663,18,2.0455399900041544,1.1769441319380167,3,0.5465437063680697,0.4294575348513856,0.4634029452143835,1.4394041864338387,1.0099466515824531,0.4754236967150747,0.2011646445954347,0.6223781096717382,0.054210231638771145,0.14695441295666356,0.19530875232076583,0.07279166289429173,0.5605370224547433,0.8286374376698009,0.7558457747755092,0.011122460464913275,0.12772396381567963,0.044929283774114426,0.16153078712488078,0.03380682330920115
59,71,3.654115461677596,0.9184217928831093,25,1.0647107369924282,0.4906229164484712,3,2.373354163882253,0.452697882148143,17,0.0,0.0,0,3.6331905482533475,0.9055667685111795,25,1.8718021769015913,1.3217558399823195,2,2.70359585075283,0.508919045495409,21,1.33500106673234,0.5306282510621704,4,3.673765816303888,1.039771788645176,21,2.70805020110221,1.0116009116784799,8,3.183594010723561,0.826447064907013,18,0.23638877806423034,0.23638877806423034,1,3.456316680883235,0.8238098790799899,24,2.7557816039234,1.044390734501471,8,3.733693469903729,0.9937660440424458,24,1.3523928094442093,0.6706743247078868,3,1.33500106673234,1.1160040313799788,0.23638877806423034,0.017391742711869274,1.0986122886681096,0.020924913424248626,0.21744913542065314,0.019650354626291833,0.17687386737011268,0.04057526805054046,0.5306282510621704,0.4342855466436565,0.23638877806423034,0.14004607364571642,0.29423947299794007,0.012855024371929868,0.21596190956518613,0.12134999576206673,0.08175688943118953,0.1342050201339966
60,72,3.787215354834798,1.524847844133481,12,2.2442495159810822,0.7906195233687655,7,1.7346010553881064,0.7731898882334819,4,1.3523928094442093,0.6706743247078868,3,3.9721769282478934,1.1833263428409393,23,2.7536607123542622,0.6830968447064438,15,1.4739999415389964,0.6106709587357069,4,1.62924053973028,0.7055697005585024,4,3.4924589729404802,0.9232505828092149,21,3.378724525810097,1.1567199194753903,13,1.4663370687934272,0.6061358035703156,4,3.461560531389246,1.4077296418399556,10,3.8103593516516456,1.2013377566879309,19,3.2334359761995306,1.1678744841534572,11,0.42744401482693956,0.42744401482693956,1,3.071148912838745,1.0542064387255523,11,0.2768477302860708,0.3904116185505009,2.1091677219450364,1.441908373108465,1.8323199916589659,0.18496157341309516,0.3179003787111654,0.29475638189431796,0.16181757659624774,0.4797179553074131,0.03489537585061564,0.35352320311440333,0.7370553171320688,0.3486367381670499,0.7021599412814532,0.34152150129254166,0.27808717387871595,0.601597261324266,0.018011413846991564,0.2600757600317244
61,73,3.667826044916104,1.2194769908619012,16,0.0,0.0,0,2.533696813957432,0.8960880245566357,8,0.4054651081081644,0.22314355131420976,2,3.0007198150650303,1.0066298989564595,11,0.0,0.0,0,2.9141606198601795,1.1566191079424657,8,2.1242555574696285,0.719000559386279,7,3.687211397013239,1.329975930529667,14,0.26236426446749106,0.26236426446749106,1,3.512539968997529,1.447702989248534,10,2.049841071903545,0.6129308467031442,8,3.855099858028525,1.2721505288560464,18,0.42744401482693956,0.42744401482693956,1,3.2758860795849802,0.9924283888550781,15,2.1594842493533726,0.5690945318899664,10,1.718790449361464,0.10964317744982743,1.6443759637953808,0.03522869188374411,0.07441448556608332,0.6671062298510737,0.16788846101528598,0.01938535209713521,0.8543800429634949,0.6864915819482089,0.4958570080720693,0.043836314813177846,0.3897872953889345,0.14990602749631265,0.10606971268313481,0.2128470919054417,0.0578254016736206,0.1104989396677658,0.2655206298995869,0.3233460315732075
62,74,4.031877967236425,1.7972996496036704,11,0.0,0.0,0,1.4508328822574619,0.736632292499684,3,0.42744401482693956,0.42744401482693956,1,3.7580945231354095,0.9594484579867759,26,0.0,0.0,0,2.049841071903545,0.6763400622435641,7,2.0149030205422647,0.4643056081310978,11,4.425644716496138,2.1407789219013567,11,1.916922612182061,1.0761394328160512,3,0.9555114450274363,0.42744401482693956,3,0.4906229164484712,0.4906229164484712,1,4.207673247529104,1.5428231633521163,18,1.496642418288756,0.6241543090729939,4,2.819392788437584,0.7942679519597359,13,1.213923135179104,0.780852760979051,2,1.587459005715325,0.7233002187306328,0.06317890162153167,0.8009798853631607,1.5242801040937934,0.2737834441010154,0.21797146896703445,0.3937667492597132,0.4495787243936942,0.6675501933607286,0.036861593304158224,0.29022984453057976,0.06317890162153167,0.3165471528479532,0.026317308317373445,0.8378511916168945,0.5979557585492403,0.34347927229768627,0.5833747053653404,1.1813304639145807
63,75,3.0985896589936988,0.7774542870199393,18,0.8034952377288107,0.4803664162812822,2,2.766319109226186,0.9122827104766164,10,0.6061358035703156,0.6061358035703156,1,2.72785282839839,0.7419373447293773,13,0.0,0.0,0,2.3577043922151253,0.7241432809289092,9,0.659245628884264,0.3829922522561059,2,3.856510295497887,1.4077296418399554,15,2.4932054526026954,0.8702467933727484,8,3.2360606496223014,1.1105774567263829,12,1.0874389880699844,0.6847789308894288,2,2.662587827025453,0.8472978603872037,10,2.2925347571405443,1.0224509277025458,5,3.6489251386069035,1.4157183106877762,12,3.0023768162726596,1.221321442660549,8,0.05310982531394837,1.9149378282026752,0.4813031844996688,2.3431311873883955,0.42819335918572043,0.37073683059530893,1.1939224684724343,0.7579206365041884,0.065265001372937,1.1286574670994973,0.2231435513142097,0.5365425117711202,0.07864312731911316,0.8383291904044431,0.30178667863332287,0.035516942290562015,0.5604317814527517,0.6302753548200161,0.10536051565782634,0.6657922971105781
64,77,3.131136910560194,0.9001613499442714,15,2.2823823856765264,0.6819738799618201,9,2.1242555574696285,0.6527591196546573,8,0.9932517730102834,0.6151856390902335,2,3.4709307196768306,1.2801619426834825,12,1.8769172775683618,0.6534819241675138,6,1.041453874828161,1.041453874828161,1,0.0,0.0,0,3.9415818076696905,1.7211419020141017,11,2.8791984572980396,0.9271407478982209,11,1.547562508716013,0.8034952377288107,3,1.8666607774011728,1.3173014896329391,2,4.01397772795114,1.6452009782799288,13,2.403937587254333,0.7507170323814232,9,1.2716314527997508,0.6181841420864901,3,1.9411368703026557,0.6903655375980685,6,0.9932517730102834,0.07447609290148294,0.8734090043908893,1.9411368703026557,1.8666607774011728,0.3397938091166366,0.07239592028144948,0.8104448971094964,0.5430470082743093,0.4706510879928598,0.6151856390902335,0.6269359520348706,0.7021158505427056,0.6903655375980685,1.3173014896329391,0.38000059273921105,0.07594092373417283,0.8209805520698302,0.36503903559644635,0.4409799593306192
65,78,3.589979505459054,1.0843130086566923,18,0.5877866649021191,0.5877866649021191,1,1.2335316065674804,0.47519844612283957,4,1.582409240046181,0.5728610146854434,5,3.5273404365025103,1.0074455596868361,19,0.5690945318899664,0.32449604557449724,2,0.0,0.0,0,2.5520459526256287,0.581594694654198,15,4.0633124529743725,1.3143208614948014,21,2.348195604246098,0.718742727748909,9,1.6739764335716716,0.6241543090729939,5,2.723486009232049,0.7394923557363106,13,4.151564702551992,1.4565729554185218,19,2.4624337939359418,0.9295359586241757,7,0.7731898882334819,0.32850406697203605,3,2.7767467323884447,0.8627620860847851,11,0.9696367125794476,0.05326072315639552,1.141076769185868,0.224700779762816,0.17144005660642048,0.06263906895654392,0.08825224957761968,0.4733329475153183,0.6242242660494819,0.5359720164718622,0.008733679968754626,0.12326973034847455,0.1666313410508672,0.2811673914305871,0.15789766108211256,0.0768674489698562,0.1422520939237204,0.2300078528381091,0.4491273957316857,0.3068753018079653
66,79,0.9426080401915283,0.4201712554978598,3,1.3862943611198906,0.6931471805599453,3,3.039749158970765,0.9776993600027986,12,2.2155737160044158,1.1124056108004454,4,0.8034952377288107,0.26875406256626205,4,0.7259370033829361,0.7259370033829361,1,2.2300144001592104,1.1233049012584813,4,3.688045773365359,1.5134608436420718,11,3.2013905105271814,1.1449945537690014,11,1.4663370687934272,0.7472144018302211,3,1.561647248597752,0.5615187380815089,5,3.9920657131016823,1.9325943730795412,9,3.1354942159291497,1.0986122886681098,11,0.0,0.0,0,0.2097205309820691,0.2097205309820691,1,4.103194177499083,1.719096868852141,13,1.4724720573609433,0.11112846439740087,1.7764919970972666,0.4151484041337241,0.30401993973632324,0.13911280246271762,0.0658962945980317,2.258782470335653,2.331998978200339,2.3978952727983707,0.40105523284162636,0.2134975042274001,0.8201887622790958,0.2056360252100693,0.4191335294374694,0.15141719293159772,0.046382265100891606,0.7248232982711416,0.8298582261018477,0.8762404912027393
67,80,2.6855773452501515,0.7602864833975739,12,2.9356283494842854,1.5187835441659694,5,2.8903717578961645,0.9343092373768334,11,2.9159673050851285,1.0103880552532707,10,1.9218125974762528,0.6791609385852054,6,2.9231615807191558,1.256836293883004,7,2.3092296357127142,1.1837700970084166,4,3.2555291425162363,1.3271732381120933,9,1.8191584434161694,0.8292793548845254,4,3.091042453358316,1.5040773967762742,6,2.4277482359480516,1.120591195386885,5,4.122283930911342,2.5756610130564646,5,1.7287013332609182,1.7287013332609182,1,3.9614478887556692,2.6306890799447418,4,0.7096764825111558,0.7096764825111558,1,3.1354942159291497,1.6863989535702288,5,0.3395618374311078,0.9867897149821925,1.2063166258262137,0.12003492658708659,0.8667547883951059,0.7637647477738987,0.09045711015525115,0.8664189018339821,0.19311126421533453,0.10265415406008338,0.3167851828588226,0.8892620594862357,1.5652729578031939,0.35922571545813553,1.2484877749443712,0.08112554481236844,0.8994219783763928,0.06899287148695155,1.049540394675713,0.15011841629932
